url,name,address,city,state,phone
http://evergreentaxprep.com/,Results,"3203 32nd Ave S Ste. 105, Fargo, ND 58103",Fargo,ND,(701) 552-9606
https://www.balancecpa.com/,Results,"4809 38th St S Ste 101, Fargo, ND 58104",Fargo,ND,(701) 365-0319
https://www.elitetaxandconsulting.com/,Results,"3217 Fiechtner Dr a1, Fargo, ND 58103",Fargo,ND,(701) 594-7000
http://www.hagakommer.com/,Results,"5195 45th St S, Fargo, ND 58104",Fargo,ND,(701) 277-3111
https://accountingbyrachel.com/,Results,"1351 Page Dr #210, Fargo, ND 58103",Fargo,ND,(701) 478-2028
http://www.hmrcpas.com/,Results,"35 9th St W, Grafton, ND 58237",Grafton,ND,(701) 352-2285
http://brewsterjohnson.com/,Results,"4166 31st Ave S ste 102, Fargo, ND 58104",Fargo,ND,(701) 356-4370
https://www.thibnco.com/,Results,"4201 38th St S #101, Fargo, ND 58104",Fargo,ND,(701) 280-7076
https://www.eidebailly.com/locations/fargo,Results,"4310 17th Ave S, Fargo, ND 58103",Fargo,ND,(701) 239-8500
https://www.wr.cpa/,Results,"4220 31st Ave S, Fargo, ND 58104",Fargo,ND,(701) 237-6022
https://www.fargotax.com/,Results,"3550 38th Ave S Ste D, Fargo, ND 58104",Fargo,ND,(701) 241-9513
https://www.auroraprairie.cpa/,Results,"4520 19th Ave SW #3A, Fargo, ND 58103",Fargo,ND,(701) 365-6763
https://www.craighansoncpa.com/,Results,"905 James Ave NE, Jamestown, ND 58401",Jamestown,ND,(701) 252-6190
http://www.nehringcpa.com/,Results,"716 2nd St W, Williston, ND 58801",Williston,ND,(701) 577-4622
http://schauercpa.com/,Results,"111 9th St SW #203, Jamestown, ND 58401",Jamestown,ND,(701) 252-5422
https://www.gmcavett.com/?utm_source=google&utm_medium=wix_google_business_profile&utm_campaign=1857440806620889860,Results,"3175 Sienna Dr S #102, Fargo, ND 58104",Fargo,ND,(701) 235-1124
https://www.iver.biz/,Results,"900 20th Ave SW #2, Minot, ND 58701",Minot,ND,(701) 839-2520
https://bankforward.com/tax/,Results,"400 2nd Ave SW Ste 205, Jamestown, ND 58401",Jamestown,ND,(701) 252-2080
http://www.accountingsolutionsnd.com/,Results,"1419 2nd Ave SW, Minot, ND 58701",Minot,ND,(701) 837-0348
http://www.ndcpas.org/,Results,"3100 S Columbia Rd #500, Grand Forks, ND 58201",Grand Forks,ND,(701) 775-7111
http://www.fwtaxpro.com/,Results,"909 Page Dr Suite B, Fargo, ND 58103",Fargo,ND,(701) 541-7105
https://www.asmustax.com/,Results,"1178 Albert Ct W, West Fargo, ND 58078",West Fargo,ND,(320) 232-5228
http://www.bottomlinetaxllc.com/,Results,"467 38th Ave W, West Fargo, ND 58078",West Fargo,ND,(507) 351-3828
https://www.serhienkocpa.com/,Results,"1006 Park St, Bottineau, ND 58318",Bottineau,ND,(701) 228-3444
http://ptacekfinancial.com/,Results,"420 Main Ave, Oakes, ND 58474",Oakes,ND,(701) 742-2179
http://fargotaxlady.com/,Results,"3209 Fiechtner Dr S, Fargo, ND 58103",Fargo,ND,(701) 306-3483
https://norbykruegertax.com/,Results,"325 Dakota Ave, Wahpeton, ND 58075",Wahpeton,ND,(701) 591-2200
https://www.taxes-advisor.com/,Results,"1220 Main Ave #225, Fargo, ND 58103",Fargo,ND,(218) 236-1546
http://www.statestreettax.com/,Results,"1674 15th St W #4, Dickinson, ND 58601",Dickinson,ND,(701) 483-3420
http://www.storhaugcpa.com/,Results,"502 Main St, Lisbon, ND 58054",Lisbon,ND,(701) 683-5303
https://cpakka.com/,Results,"5354 42nd St S Ste a, Fargo, ND 58104",Fargo,ND,(701) 280-2232
http://www.hr-pc.com/,Results,"125 2nd Ave W, Dickinson, ND 58601",Dickinson,ND,(701) 483-1122
https://www.braunbt.com/,Results,"97 E 1st St, Dickinson, ND 58601",Dickinson,ND,(701) 483-1070
http://www.colsoncpa.com/,Results,"210 Main St, Lisbon, ND 58054",Lisbon,ND,(701) 683-2700
https://www.oncpas.com/,Results,"200 1st Ave N #20, Grand Forks, ND 58203",Grand Forks,ND,(701) 746-0437
