url,name,address,city,state,phone
http://www.leesuess.com/,"Lee Suess, LLC","210 University Ave, Williston, ND 58801",Williston,ND,(701) 577-2157
https://clarkeandassociatescpa.com/,Results,"1502 13th Ave W, Williston, ND 58801",Williston,ND,(701) 572-5554
https://www.leedsaccounting.com/,Results,"255 W Spring Valley Ave Suite 207, Maywood, NJ 07607",Maywood,NJ,(201) 488-2828
https://www.conditcpas.com/?utm_source=google&utm_medium=google_business_profile&utm_campaign=website_click,Results,"3491 45th St S, Fargo, ND 58104",Fargo,ND,(701) 237-6364
https://www.nokaccounting.com/,Results,"3210 27th St W Ste 202, Williston, ND 58801",Williston,ND,(701) 609-5028
https://www.iver.biz/,Results,"900 20th Ave SW #2, Minot, ND 58701",Minot,ND,(701) 839-2520
http://evergreentaxprep.com/,Results,"3203 32nd Ave S Ste. 105, Fargo, ND 58103",Fargo,ND,(701) 552-9606
http://www.nehringcpa.com/,Results,"716 2nd St W, Williston, ND 58801",Williston,ND,(701) 577-4622
https://www.elitetaxandconsulting.com/,Results,"3217 Fiechtner Dr a1, Fargo, ND 58103",Fargo,ND,(701) 594-7000
http://www.ndcpas.org/,Results,"3100 S Columbia Rd #500, Grand Forks, ND 58201",Grand Forks,ND,(701) 775-7111
http://davidhancecpa.com/,Results,"710 31st Ave SW STE 1, Minot, ND 58701",Minot,ND,(701) 240-2410
https://www.balancecpa.com/,Results,"4809 38th St S Ste 101, Fargo, ND 58104",Fargo,ND,(701) 365-0319
https://www.pointcpa.com/?utm_source=google&utm_medium=google_business_profile&utm_campaign=website_click,Results,"4585 Coleman St Ste 101, Bismarck, ND 58503",Bismarck,ND,(701) 751-3646
https://levorsentax.com/,Results,"211 N Main St, Elgin, ND 58533",Elgin,ND,(701) 584-2354
https://www.cbaccountingnd.com/,Results,"2000 Schafer St Ste G, Bismarck, ND 58501",Bismarck,ND,(701) 751-1320
https://www.s-hcpa.com/,Results,"1400 W Century Ave, Bismarck, ND 58503",Bismarck,ND,(701) 221-2655
https://www.gmcavett.com/?utm_source=google&utm_medium=wix_google_business_profile&utm_campaign=1857440806620889860,Results,"3175 Sienna Dr S #102, Fargo, ND 58104",Fargo,ND,(701) 235-1124
https://www.fargotax.com/,Results,"3550 38th Ave S Ste D, Fargo, ND 58104",Fargo,ND,(701) 241-9513
http://www.lfspro.com/,Results,"208 Main St, Lakota, ND 58344",Lakota,ND,(701) 247-2458
http://brewsterjohnson.com/,Results,"4166 31st Ave S ste 102, Fargo, ND 58104",Fargo,ND,(701) 356-4370
http://www.fwtaxpro.com/,Results,"909 Page Dr Suite B, Fargo, ND 58103",Fargo,ND,(701) 541-7105
http://www.bottomlinetaxllc.com/,Results,"467 38th Ave W, West Fargo, ND 58078",West Fargo,ND,(507) 351-3828
https://www.oncpas.com/,Results,"200 1st Ave N #20, Grand Forks, ND 58203",Grand Forks,ND,(701) 746-0437
https://www.facebook.com/QualityTaxPrep58801,Results,"1416 2nd Ave W #5, Williston, ND 58801",Williston,ND,(701) 572-0891
